Generation,MaxFitness,MinFitness,AvgFitness,SurvivalRate,AvgLifeTime,WeightVariance
0,485.052,298.743,314.571,0,42.36,0.330013
1,452.509,298.797,314.002,0,98.97,0.331175
2,449.686,296.991,324.727,0,124.76,0.339959
3,441.323,298.388,309.006,0,34.5,0.34848
4,574.574,294.428,330.973,0,107.15,0.332389
5,559.86,298.168,329.916,0,1,0.333263
6,560.927,300.087,329.112,0,119.29,0.34114
7,569.723,299.884,343.605,0,1,0.345963
8,325.002,298.979,305.848,0,109.61,0.348734
9,457.65,300.094,322.655,0,1,0.349073
10,445,297.779,313.248,0,26.56,0.354015
11,379.825,299.918,309.692,0,23.16,0.342084
12,587.539,300.024,315.422,0,61.87,0.366296
13,745.948,300.147,345.575,0,49.51,0.374047
14,756.287,300.153,360.578,0,107.09,0.372197
15,711.859,300.436,407.769,0,158.98,0.374133
16,590.959,300.039,398.106,0,16.26,0.376445
17,351.311,299.987,303.912,0,18.83,0.393853
18,336.773,299.936,308.846,0,60.99,0.392794
19,572.52,300.155,357.652,0,82.33,0.397666
20,736.431,300.07,368.086,0,94.86,0.406422
21,582.223,300.069,374.442,0,41.77,0.409221
22,765.66,300.109,359.381,0,95.99,0.401375
23,607.992,304.347,442.722,0,61.17,0.408153
24,459.865,300.299,354.606,0,91.45,0.403174
25,565.898,301.487,335.323,0,101.3,0.393184
26,858.022,302.779,425.231,0,155.3,0.410495
27,1106.13,301.03,699.699,0,103.83,0.400463
28,743.773,302.525,617.853,0,233.53,0.392755
29,832.754,306.092,581.383,0,188.05,0.386192
30,745.432,302.452,493.387,0,106.4,0.392228
31,756.079,301.669,493.308,0,273.08,0.386151
32,1020.38,305.12,614.919,0,211.12,0.38211
33,593.472,308.611,450.172,0,151.48,0.396228
34,737.703,304.035,602.313,0,338.95,0.408881
35,578.312,303.465,440.31,0,7.12,0.42968
36,725.125,306.788,582.608,0,275.99,0.423574
37,735.272,300.707,484.212,0,245.37,0.446655
38,459.641,300.719,392.253,0,92.9,0.434829
39,591.398,313.781,444.101,0,321.38,0.442563
40,855.273,300.532,580.918,0,193.41,0.447958
41,870.689,302.679,602.284,0,45.18,0.452215
42,739.466,301.152,459.869,0,169.71,0.472881
43,743.284,301.776,546.086,0,257.84,0.486275
44,596.681,301.23,436.717,0,89.81,0.492061
45,733.789,302.634,394.734,0,1,0.486717
46,992.954,302.457,460.804,0,172.67,0.485599
47,713.683,300.224,393.596,0,5.39,0.458152
48,742.266,300.921,514.151,0,94.97,0.461057
49,1205.82,303.228,586.146,0,381.78,0.464991
50,613.073,300.088,450.588,0,1,0.456491
51,735.147,300.082,435.32,0,356.01,0.445631
52,1039.2,300.249,543.119,0,225.5,0.462036
53,581.966,300.053,347.119,0,1,0.464334
54,446.63,300.82,408.327,0,308.59,0.471794
55,591.809,301.651,409.807,0,31.01,0.469126
56,451.166,300.26,340.129,0,124.62,0.454817
57,449.861,301.279,334.853,0,105.72,0.463713
58,580.597,300.127,349.37,0,82.93,0.479931
59,888.403,302.544,466.119,0,125.08,0.470889
60,875.088,304.922,608.134,0,368.21,0.466183
61,1341.34,300.171,599.945,0.01,382.85,0.464001
62,1258.73,302.277,568.82,0,94.71,0.462501
63,617.923,300.198,342.434,0,141.22,0.47372
64,782.98,300.137,564.485,0,529.11,0.487496
65,1318.48,300.846,630.612,0.01,278.19,0.476042
66,1465.89,304.44,704.029,0,534.52,0.480533
67,1283.55,300.916,501.927,0,1,0.477835
68,728.437,300.777,378.663,0,186.1,0.477365
69,1282,301.348,703.934,0.02,522.77,0.486214
70,1576.36,300.185,670.067,0,63.78,0.493188
71,1017.7,300.065,541.782,0,505.31,0.494314
72,1278.79,300.161,726.315,0,132.57,0.50417
73,610.775,301.499,472.91,0,482.22,0.513768
74,735.638,301.845,510.059,0,98.81,0.517863
75,712.897,300.488,417.765,0,291.77,0.52207
76,1097.31,308.211,670.344,0,130.43,0.515273
77,966.29,304.107,592.589,0.01,491.87,0.527626
78,727.133,300.048,500.038,0,1,0.530087
79,979.213,300.095,355.5,0,173.18,0.53586
80,1133.32,300.232,582.222,0,539.2,0.550804
81,868.653,300.463,558.76,0,299.66,0.56527
82,758.385,302.295,502.198,0,447.02,0.557165
83,592.31,300.493,415.653,0,16.21,0.552822
84,984.695,300.807,460.04,0,566.89,0.549965
85,1227.78,301.435,583.063,0.01,380.02,0.55598
86,865.974,301.575,513.431,0,1,0.551832
87,563.43,300.043,346.447,0,1.03,0.548264
88,581.178,300.901,454.163,0,1,0.53803
89,466.618,300.121,337.298,0,190.67,0.538554
90,886.189,301.353,452.478,0,180.18,0.536757
91,1158.91,301.055,544.058,0,75.27,0.539123
92,1312.74,300.118,446.341,0,2.61,0.549582
93,432.633,300.008,312.361,0,59.1,0.557581
94,847.051,300.493,404.102,0,1,0.561385
95,867.982,301.521,489.888,0,146.36,0.560003
96,579.884,300.129,362.876,0,61.02,0.557357
97,1133.59,300.051,555.834,0,44,0.565691
98,584.078,300.114,357.319,0,207.25,0.572758
99,454.479,300.074,323.353,0,48.33,0.575184
100,609.433,300.031,323.688,0,175.31,0.578456
101,903.842,300.081,505.559,0,1,0.575744
102,468.092,301.562,335.222,0,131.43,0.581522
103,999.503,301.641,387.241,0,61.19,0.58041
104,966.192,300.316,528.249,0,97.94,0.574513
105,1129.31,296.933,435.632,0.02,187.6,0.56442
106,1418.54,299.887,594.277,0,382.97,0.569946
107,1835.05,299.907,667.254,0.01,334.6,0.576041
108,1035.47,300.055,483.046,0,1,0.577373
109,575.84,300.017,385.028,0,392.65,0.581379
110,847.887,299.98,501.591,0,57.67,0.585822
111,564.69,300.087,317.647,0,4.14,0.595187
112,710.661,299.997,340.087,0,3.31,0.586347
113,1430.79,300.602,506.314,0,439.14,0.580532
114,1278.02,300.79,598.91,0,37.45,0.576208
115,1590.8,299.815,537.48,0.01,131.12,0.575786
116,1029.75,300.023,355.407,0,1,0.591346
117,773.057,300.119,470.901,0,193.66,0.582568
118,651.106,301.331,464.51,0,193.44,0.594365
119,731.308,300.42,389.464,0,1,0.602998
120,597.018,300.094,347.061,0,185.46,0.605596
121,1421.27,300.205,709.429,0.04,636.87,0.606342
122,1575.6,300.085,865.891,0.03,642.04,0.59859
123,1303.75,299.046,710.927,0,1,0.605132
124,847.369,300.093,462.294,0,460.84,0.594688
125,1335.74,301.589,710.132,0,282.33,0.59629
126,606.462,300.527,505.592,0,241.14,0.590587
127,981.679,300.204,479.369,0,283.6,0.594669
128,1911,300.647,641.164,0,474.28,0.593552
129,1718.99,300.512,641.145,0.03,236.15,0.589202
130,1534.17,300.083,438.741,0,110.58,0.590532
131,861.403,300.065,350.546,0,1,0.585737
132,889.596,300.025,453.383,0.01,203.28,0.608743
133,1268.85,300.16,456.57,0.01,245.11,0.604024
134,1419.24,299.169,452.717,0.01,270.21,0.601858
135,926.392,300.693,468.038,0,450.91,0.602046
136,743.537,300.368,551.401,0,334.64,0.606499
137,1044.08,300.522,479.214,0,190.97,0.605345
138,742.125,300.19,364.986,0,106.82,0.604936
139,1014.05,299.767,573.278,0,507.92,0.621623
140,606.254,301.34,487.489,0,1,0.616773
141,722.573,302.083,625.755,0,142.5,0.624035
142,965.662,302.263,518.373,0,229.25,0.630076
143,1241.5,300.483,430.658,0,286.86,0.636244
144,876.893,300.639,461.838,0,64.32,0.640047
145,1122.06,301.592,576.436,0,484.81,0.641433
146,1292.24,300.64,673.261,0,487.2,0.654556
147,824.645,300.338,551.725,0,2.58,0.660104
148,548.63,298.388,390.744,0,417.14,0.673681
149,1144.04,301.227,581.476,0,15.52,0.673221
150,625.239,300.001,324.225,0,89.17,0.679886
151,877.805,301.439,527.644,0,191.92,0.676843
152,866.928,300.084,484.708,0,148.88,0.675387
153,981.347,304.133,518.389,0,357.29,0.6765
154,1266.68,307.254,613.91,0,425.69,0.672884
155,1140,302.746,692.844,0.05,510.78,0.672847
156,1273.09,300.624,587.977,0,426.18,0.673692
157,1286.15,302.698,665.466,0,564.33,0.683232
158,1009.34,303.412,561.854,0,1,0.669387
159,972.523,302.718,618.079,0,489.59,0.669223
160,707.949,301.518,558.779,0,270.71,0.668624
161,1008.91,300.181,583.361,0,1,0.680386
162,435.493,300.011,314.044,0,1,0.674242
163,588.651,300.956,486.705,0,611.31,0.683183
164,842.052,302.34,567.184,0,463.59,0.686744
165,888.742,301.458,539.765,0,182.75,0.684848
166,1149.2,302.672,569.291,0,221.65,0.691516
167,998.846,300.021,428.685,0,100.53,0.686792
168,1429.95,299.999,489.943,0,303.95,0.696534
169,1304.2,300.247,629.984,0,1,0.698273
170,733.233,301.876,543.829,0,374.45,0.692368
171,714.86,300.937,433.689,0,1,0.683933
172,857.747,300.071,415.56,0,1,0.689783
173,883.425,301.167,600.783,0,114.98,0.703913
174,463.513,299.987,351.652,0,1,0.721926
175,844.544,300.023,474.227,0,1,0.718204
176,1022.3,300.467,469.897,0.02,635.48,0.723529
177,1567.43,303.255,637.067,0,425.99,0.738602
178,1363.95,301.046,729.348,0,498.22,0.739114
179,1377.31,301.482,776.146,0,357.71,0.741663
180,883.219,300.152,464.671,0,59.09,0.753455
181,1048.51,300.672,521.488,0,1,0.750274
182,587.528,300.049,353.125,0,177.39,0.758774
183,1028.45,302.085,576.132,0,65.63,0.757909
184,1275.7,300.102,545.64,0,117.85,0.760742
185,580.684,300.116,369.032,0,85.46,0.740621
186,885.365,305.888,513.735,0,168.35,0.730854
187,1004.39,300.8,363.163,0.01,121.54,0.752367
188,1282.75,300.06,448.278,0,257.37,0.76477
189,857.735,300.06,380.601,0,1,0.781342
190,1277.02,300.042,458.607,0.01,259.18,0.774776
191,1447.14,300.739,481.169,0,24.33,0.772356
192,706.649,299.936,384.637,0.01,246.91,0.772829
193,1092.9,301.432,549.167,0.02,537.05,0.770974
194,1655.67,302.848,608.237,0.09,647.59,0.772438
195,1535.49,301.113,771.399,0,720.33,0.77367
196,873.178,300.91,531.686,0,185.28,0.775329
197,1147.39,300.022,419.009,0.02,158.08,0.777273
198,864.052,300.004,377.166,0,1,0.785087
199,317.397,299.992,305.561,0,66.44,0.786177
200,471.992,300.022,317.873,0,110.46,0.794776
201,1127.53,300.454,562.367,0,201.13,0.798803
202,861.328,300.412,482.024,0,209.55,0.797013
203,733.714,300.194,461.745,0,220.18,0.81103
204,1422.24,304.817,557.154,0,374.23,0.8039
205,702.16,301.18,447.843,0,300.69,0.806651
206,703.814,300.414,327.705,0,143.23,0.81131
207,851.486,301.828,435.097,0,143.4,0.807229
208,1154.78,301.964,664.52,0.06,621,0.826872
209,1673.83,302.063,779.741,0,226.79,0.831782
210,1258.07,299.769,486.439,0,99.79,0.827377
211,862.582,299.983,424.223,0.02,270.37,0.8311
212,1660.4,302.19,620.497,0,343.61,0.822084
213,583.243,300.916,405.575,0,12.27,0.818357
214,697.283,300.857,508.431,0,663.94,0.838708
215,1654.13,302.273,680.452,0.05,366.76,0.853894
216,1794.51,302.38,883.643,0,711.01,0.835839
217,1517.08,301.055,818.524,0.03,332.31,0.841034
218,1369.38,302.552,650.336,0,639.74,0.844715
219,1379.53,302.479,578.907,0,1,0.851776
220,1433.92,300.114,563.814,0.05,646.29,0.857131
221,1826.88,301.698,916.912,0,686.13,0.86515
222,984.481,303.441,671.947,0,625.31,0.872466
223,1405.28,305.164,753.051,0.04,753.06,0.880864
224,1985.87,300.685,699.525,0,312.49,0.884418
225,1448.97,300.083,572.635,0,39.75,0.886657
226,711.342,300,322.416,0,50.83,0.882537
227,836.264,301.476,449.389,0,246.29,0.88773
228,1171.89,303.528,715.764,0,464.55,0.888328
229,978.667,302.355,521.641,0,1,0.884175
230,1105.95,304.344,672.15,0,596.03,0.883086
231,1118,304.418,685.497,0,8.31,0.883833
232,317.451,299.991,300.758,0,1,0.88826
233,596.804,300.21,374.428,0,246.24,0.901884
234,1014.5,300.921,614.804,0.01,543.91,0.889118
235,1629.87,300.607,669.018,0,234.27,0.885169
236,978.748,300.148,452.241,0,106.62,0.890726
237,697.851,300.007,363.232,0,1,0.883719
238,717.534,299.861,404.272,0,381.18,0.882953
239,1560,299.524,622.793,0,1,0.871853
240,842.918,300.016,324.792,0,1,0.870881
241,848.806,300.071,375.732,0,214.43,0.874598
